Format,Caffe
Prototxt,ResNet50_224x224.prototxt
Precision,FP32+INT8
Iteration, 10
Batch (N),Throughput (qps),Latency (Mean) (ms)
1,532.365 , 1.85079 
2,775.199 , 2.55385 
4,1043.51 , 3.8045 
8,1214.74 , 6.55444 
16,1334.89 , 11.9534 
32,1436.16 , 22.2473 
64,1477.32 , 43.2229 
128,1503.22 , 85.0595 
